# Source:, PartitioningMethods
# RunDate:, 2026-07-26 23:36:58
# argsQC:, {'physical_bounds': True, 'despike': True, 'coord_rotation': True, 'density_correction': True, 'fluctuations': 'LD', 'filtercut': 5, 'maxGapsInterpolate': 5, 'RemainingData': 95, 'saveprocessed': True, 'time_lag_correction': True, 'max_lag_seconds': 5, 'saveplotlag': True, 'type_lag': 'both', 'UnitBorders': {'Ts': (0, 70), 'co2': (200, 1500), 'h2o': (0, 50), 'P': (60, 150)}, 'PhysicalBounds': {'u': (-20, 20), 'v': (-20, 20), 'w': (-20, 20), 'Ts': (-10, 50), 'co2': (0, 1500), 'h2o': (0, 40), 'P': (60, 150)}}
# siteDetails:, {'hi': 2.5, 'zi': 4.0, 'freq': 20, 'length': 30, 'PreProcessing': True, 'ppath': 'C3'}
# argsQThres:, {'cec_per_points_Q1Q2': 15, 'cec_per_points_each': 3, 'cecw_per_points_Q1Q2': 0, 'cecw_per_points_each': 0, 'mrea_per_points_Q1Q2': 15, 'mrea_per_points_each': 3, 'cea_per_points_Q1Q2': 0, 'cea_per_points_each': 0, 't_scale_gap_threshold': 10, 'H': {'MREA': 0.25}}
# statistics:, {'TurbStats': True, 'steadyness': True, 'sampledEvents': True}
# argsOut:, {'energetic_units': True, 'mass_units': True, 'molar_units': True}

,meter / second,milligram / meter ** 3,gram / meter ** 3,kelvin,dimensionless,kelvin,gram / meter ** 3,milligram / meter ** 3,meter / second,meter / second,meter / second,dimensionless,dimensionless,dimensionless,watt / meter ** 2,watt / meter ** 2,gram / meter ** 2 / second,milligram / meter ** 2 / second,millimole / meter ** 2 / second,millimole / meter ** 2 / second,percent,percent,percent,percent,percent,percent,percent,dimensionless,dimensionless,second,second,watt / meter ** 2,watt / meter ** 2,gram / meter ** 2 / second,gram / meter ** 2 / second,milligram / meter ** 2 / second,milligram / meter ** 2 / second,millimole / meter ** 2 / second,millimole / meter ** 2 / second,millimole / meter ** 2 / second,millimole / meter ** 2 / second,,,dimensionless,watt / meter ** 2,watt / meter ** 2,milligram / meter ** 2 / second,milligram / meter ** 2 / second,gram / meter ** 2 / second,gram / meter ** 2 / second,millimole / meter ** 2 / second,millimole / meter ** 2 / second,millimole / meter ** 2 / second,millimole / meter ** 2 / second,,second,second,second,second,dimensionless,dimensionless,dimensionless,dimensionless,watt / meter ** 2,watt / meter ** 2,milligram / meter ** 2 / second,milligram / meter ** 2 / second,gram / meter ** 2 / second,gram / meter ** 2 / second,millimole / meter ** 2 / second,millimole / meter ** 2 / second,millimole / meter ** 2 / second,millimole / meter ** 2 / second,,,,,,,,,watt / meter ** 2,watt / meter ** 2,milligram / meter ** 2 / second,milligram / meter ** 2 / second,gram / meter ** 2 / second,gram / meter ** 2 / second,millimole / meter ** 2 / second,millimole / meter ** 2 / second,millimole / meter ** 2 / second,millimole / meter ** 2 / second,,dimensionless,dimensionless,second,second,watt / meter ** 2,watt / meter ** 2,milligram / meter ** 2 / second,milligram / meter ** 2 / second,gram / meter ** 2 / second,gram / meter ** 2 / second,millimole / meter ** 2 / second,millimole / meter ** 2 / second,millimole / meter ** 2 / second,millimole / meter ** 2 / second,,watt / meter ** 2,watt / meter ** 2,milligram / meter ** 2 / second,milligram / meter ** 2 / second,gram / meter ** 2 / second,gram / meter ** 2 / second,millimole / meter ** 2 / second,millimole / meter ** 2 / second,millimole / meter ** 2 / second,millimole / meter ** 2 / second,,dimensionless,dimensionless,second,second,watt / meter ** 2,watt / meter ** 2,milligram / meter ** 2 / second,milligram / meter ** 2 / second,gram / meter ** 2 / second,gram / meter ** 2 / second,millimole / meter ** 2 / second,millimole / meter ** 2 / second,millimole / meter ** 2 / second,millimole / meter ** 2 / second,,watt / meter ** 2,watt / meter ** 2,milligram / meter ** 2 / second,milligram / meter ** 2 / second,gram / meter ** 2 / second,gram / meter ** 2 / second,millimole / meter ** 2 / second,millimole / meter ** 2 / second,millimole / meter ** 2 / second,millimole / meter ** 2 / second,,dimensionless,dimensionless,second,second,watt / meter ** 2,watt / meter ** 2,milligram / meter ** 2 / second,milligram / meter ** 2 / second,gram / meter ** 2 / second,gram / meter ** 2 / second,millimole / meter ** 2 / second,millimole / meter ** 2 / second,millimole / meter ** 2 / second,millimole / meter ** 2 / second,,watt / meter ** 2,watt / meter ** 2,milligram / meter ** 2 / second,milligram / meter ** 2 / second,gram / meter ** 2 / second,gram / meter ** 2 / second,millimole / meter ** 2 / second,millimole / meter ** 2 / second,millimole / meter ** 2 / second,millimole / meter ** 2 / second,,dimensionless,dimensionless,second,second,watt / meter ** 2,watt / meter ** 2,milligram / meter ** 2 / second,milligram / meter ** 2 / second,gram / meter ** 2 / second,gram / meter ** 2 / second,millimole / meter ** 2 / second,millimole / meter ** 2 / second,millimole / meter ** 2 / second,millimole / meter ** 2 / second,,watt / meter ** 2,watt / meter ** 2,milligram / meter ** 2 / second,milligram / meter ** 2 / second,gram / meter ** 2 / second,gram / meter ** 2 / second,millimole / meter ** 2 / second,millimole / meter ** 2 / second,millimole / meter ** 2 / second,millimole / meter ** 2 / second,,watt / meter ** 2,watt / meter ** 2,milligram / meter ** 2 / second,milligram / meter ** 2 / second,gram / meter ** 2 / second,gram / meter ** 2 / second,millimole / meter ** 2 / second,millimole / meter ** 2 / second,millimole / meter ** 2 / second,millimole / meter ** 2 / second,,,,,
Datetime_start,ustar,cstar,qstar,tstar,zeta,std_t,std_q,std_c,std_w,std_u,std_v,rqc,rqt,rct,H,LE,ET_m,Fc,ET_a,Fc_a,fkstat_wc,fkstat_wq,fkstat_wt,fkstat_ww,fkstat_cc,fkstat_qq,fkstat_tt,Q1tfrac_cec,Q2tfrac_cec,Q1tscale_cec,Q2tscale_cec,Ecec,Tcec,Ecec_m,Tcec_m,Pcec,Rcec,Ecec_a,Tcec_a,Pcec_a,Rcec_a,statuscec,Q1tscale_mrea,Q1tfrac_mrea,Emrea,Tmrea,Pmrea,Rmrea,Emrea_m,Tmrea_m,Emrea_a,Tmrea_a,Pmrea_a,Rmrea_a,statusmrea,Q1UPtscale_cea,Q1DOWNtscale_cea,Q2UPtscale_cea,Q2DOWNtscale_cea,Q1UPtfrac_cea,Q1DOWNtfrac_cea,Q2UPtfrac_cea,Q2DOWNtfrac_cea,Ecea,Tcea,Pcea,Rcea,Ecea_m,Tcea_m,Pcea_a,Rcea_a,Ecea_a,Tcea_a,wuecea,statuscea,W_const_ppm,W_const_ratio,W_linear,W_sqrt,W_opt,statuswue,Efvs_const_ppm,Tfvs_const_ppm,Pfvs_const_ppm,Rfvs_const_ppm,Efvs_m_const_ppm,Tfvs_m_const_ppm,Pfvs_a_const_ppm,Rfvs_a_const_ppm,Efvs_a_const_ppm,Tfvs_a_const_ppm,statusfvs_const_ppm,Q1tfrac_cecw_const_ppm,Q2tfrac_cecw_const_ppm,Q1tscale_cecw_const_ppm,Q2tscale_cecw_const_ppm,Ececw_const_ppm,Tcecw_const_ppm,Pcecw_const_ppm,Rcecw_const_ppm,Ececw_m_const_ppm,Tcecw_m_const_ppm,Pcecw_a_const_ppm,Rcecw_a_const_ppm,Ececw_a_const_ppm,Tcecw_a_const_ppm,statuscecw_const_ppm,Efvs_const_ratio,Tfvs_const_ratio,Pfvs_const_ratio,Rfvs_const_ratio,Efvs_m_const_ratio,Tfvs_m_const_ratio,Pfvs_a_const_ratio,Rfvs_a_const_ratio,Efvs_a_const_ratio,Tfvs_a_const_ratio,statusfvs_const_ratio,Q1tfrac_cecw_const_ratio,Q2tfrac_cecw_const_ratio,Q1tscale_cecw_const_ratio,Q2tscale_cecw_const_ratio,Ececw_const_ratio,Tcecw_const_ratio,Pcecw_const_ratio,Rcecw_const_ratio,Ececw_m_const_ratio,Tcecw_m_const_ratio,Pcecw_a_const_ratio,Rcecw_a_const_ratio,Ececw_a_const_ratio,Tcecw_a_const_ratio,statuscecw_const_ratio,Efvs_linear,Tfvs_linear,Pfvs_linear,Rfvs_linear,Efvs_m_linear,Tfvs_m_linear,Pfvs_a_linear,Rfvs_a_linear,Efvs_a_linear,Tfvs_a_linear,statusfvs_linear,Q1tfrac_cecw_linear,Q2tfrac_cecw_linear,Q1tscale_cecw_linear,Q2tscale_cecw_linear,Ececw_linear,Tcecw_linear,Pcecw_linear,Rcecw_linear,Ececw_m_linear,Tcecw_m_linear,Pcecw_a_linear,Rcecw_a_linear,Ececw_a_linear,Tcecw_a_linear,statuscecw_linear,Efvs_sqrt,Tfvs_sqrt,Pfvs_sqrt,Rfvs_sqrt,Efvs_m_sqrt,Tfvs_m_sqrt,Pfvs_a_sqrt,Rfvs_a_sqrt,Efvs_a_sqrt,Tfvs_a_sqrt,statusfvs_sqrt,Q1tfrac_cecw_sqrt,Q2tfrac_cecw_sqrt,Q1tscale_cecw_sqrt,Q2tscale_cecw_sqrt,Ececw_sqrt,Tcecw_sqrt,Pcecw_sqrt,Rcecw_sqrt,Ececw_m_sqrt,Tcecw_m_sqrt,Pcecw_a_sqrt,Rcecw_a_sqrt,Ececw_a_sqrt,Tcecw_a_sqrt,statuscecw_sqrt,Efvs_opt,Tfvs_opt,Pfvs_opt,Rfvs_opt,Efvs_m_opt,Tfvs_m_opt,Pfvs_a_opt,Rfvs_a_opt,Efvs_a_opt,Tfvs_a_opt,statusfvs_opt,Ececw_opt,Tcecw_opt,Pcecw_opt,Rcecw_opt,Ececw_m_opt,Tcecw_m_opt,Pcecw_a_opt,Rcecw_a_opt,Ececw_a_opt,Tcecw_a_opt,statuscecw_opt,Q1tfrac_cecw_opt,Q2tfrac_cecw_opt,Q1tscale_cecw_opt,Q2tscale_cecw_opt
2018-07-05 10:00:00.050,0.37341727098370253,-2.6160577776741647,0.3035257896442248,0.3811428573073392,-0.08306192642228294,0.7390989902180182,0.6208956369201541,5.086589967839583,0.43952720030206927,0.8562572219810517,1.0203952064329533,-0.9492611590078901,0.949871407176436,-0.9422500014477047,167.30459843803754,278.0273668193198,0.11334177204211977,-0.9768811560747762,6.291172959709135,-0.022196799729033774,2.997810808476614,0.50212850662039,1.618908697989625,0.47455047128252853,4.982044520943737,2.56278785013482,1.7495575568346406,0.02075,0.3166388888888889,0.1494,1.331658878504673,0.0,278.0196438369082,0.0,0.11333862365956306,-0.9768540204871075,0.0,0.0,6.290998204904699,-0.022196183151263513,0.0,"Q1tfrac<=per_points_each, ET = T",NaN,0.0,0.0,278.0273668193198,-0.9768811560747762,0.0,0.0,0.11334177204211977,0.0,6.291172959709135,-0.022196799729033774,0.0,"Q1tfrac<=per_points_each, ET = T",0.1494,0.18903061224489798,1.331658878504673,1.3033799533799535,0.02075,0.020583333333333332,0.3166388888888889,0.3106388888888889,47.77567996893745,230.25168685038236,-1.21632099345797,0.23943983738319366,0.019476428849954118,0.09386534319216566,-0.0276373777200175,0.005440577990983724,1.0810628802150377,5.210110079494098,-0.012958147832772092,OK,-0.010547190324697949,-0.011909509377111707,-0.009262811754617718,-0.010898840387956748,-0.0019531382707833177,ok,50.331062623440594,227.6963041958792,-0.9790282334220372,0.002147077347260627,0.020518166581100936,0.09282360546101884,-0.02224558585371591,4.878612468213195e-05,1.1388858004607534,5.152287159248381,OK,0.02075,0.3166388888888889,0.1494,1.331658878504673,26.6170605177429,251.4103063015769,-1.0809915817991602,0.10411042572438393,0.01085081961587562,0.10249095242624415,-0.024562408129951377,0.002365608400917608,0.6022879449309292,5.688885014778205,OK,76.15019743416212,201.87716938515769,-0.9801296542263772,0.003248498151600665,0.031043700543889982,0.08229807149822979,-0.022270612456859285,7.381272782550931e-05,1.7231183694432717,4.568054590265863,OK,0.02075,0.3166388888888889,0.1494,1.331658878504673,40.22598739620192,237.8013794231179,-1.154544540615459,0.17766338454068278,0.016398690336812852,0.09694308170530692,-0.026233686448885685,0.004036886719851915,0.9102292593701627,5.380943700338972,OK,19.111455045391573,258.91591177392826,-0.9776964333620493,0.0008152772872727174,0.007791053830163708,0.10555071821195607,-0.022215324548103824,1.852481907004584e-05,0.43245192218937095,5.858721037519763,OK,0.02075,0.3166388888888889,0.1494,1.331658878504673,10.120662234115818,267.906704585204,-1.0116467070414692,0.03476555096669307,0.0041258305071813365,0.10921594153493844,-0.022986746354043835,0.0007899466250100676,0.22900924218368873,6.062163717525446,OK,57.607796615812944,220.41957020350685,-0.9793386522747853,0.002457496200008796,0.023484629684391745,0.08985714235772803,-0.022252639224603167,5.5839495569388686e-05,1.3035429442935027,4.987630015415632,OK,0.02075,0.3166388888888889,0.1494,1.331658878504673,30.455629311637296,247.5717375076825,-1.0999775180046296,0.12309636192985347,0.012415666250157886,0.10092610579196189,-0.024993808634506468,0.0027970089054726987,0.6891466613098294,5.602026298399305,OK,NaN,NaN,NaN,NaN,NaN,NaN,NaN,NaN,NaN,NaN,rET < 0,NaN,NaN,NaN,NaN,NaN,NaN,NaN,NaN,NaN,NaN,Invalid WUE ratio for Eq. 19,NaN,NaN,NaN,NaN
2018-07-05 10:30:00.050,0.3408872762125475,-2.352109813051664,0.317386506383926,0.4539601147154195,-0.11826375907118057,0.8484679188577497,0.7013615261550697,9.959491903728264,0.4038570235040354,0.8819932383140453,0.9102215079724125,-0.1388387748837909,0.8086774931164717,-0.3914679882028659,181.1752779675584,265.397482151194,0.10819302166783286,-0.801804307523986,6.005385305718964,-0.018218684560872212,9.908403287249016,2.265246651280561,0.3081454960807248,0.3347837546794468,7.433120211698428,3.0729135422501455,0.9164214325169121,0.026341600112091915,0.27392461818691327,0.3852459016393443,1.221875,0.0,265.3864323435109,0.0,0.10818851705809657,-0.8018340779223033,0.0,0.0,6.005135271874809,-0.018219361007096188,0.0,"Q1tfrac<=per_points_each, ET = T",1.3062500000000001,0.011713605156228107,0.0,265.397482151194,-0.801804307523986,0.0,0.0,0.10819302166783286,0.0,6.005385305718964,-0.018218684560872212,0.0,"Q1tfrac<=per_points_each, ET = T",0.3852459016393443,0.42897058823529416,1.221875,1.3568306010928963,0.026341600112091915,0.08174302928401289,0.27392461818691327,0.2783242258652095,NaN,NaN,NaN,NaN,NaN,NaN,NaN,NaN,NaN,NaN,NaN,unrealistic fluxes (P>0),-0.009183401011736881,-0.010127729630448622,-0.009335610255690182,-0.010067035000607252,-0.014228262199669753,ok,10.797205717990884,254.60027643320313,-0.953157943817842,0.15135363629385606,0.004401632987358697,0.10379138868047416,-0.021657758323513795,0.003439073762641583,0.24431799441378205,5.761067311305182,OK,0.026341600112091915,0.27392461818691327,0.3852459016393443,1.221875,17.06716712178809,248.3303150294059,-0.9296848211520524,0.1278805136280664,0.0069576710647322,0.10123535060310065,-0.021124399480846455,0.0029057149199742424,0.386193997820393,5.6191913078985705,OK,16.198403346196145,249.19907880499787,-1.0288711350566153,0.22706682753262938,0.006603507275253218,0.10158951439257964,-0.023378121678178036,0.005159437117305826,0.3665357057756004,5.638849599943364,OK,0.026341600112091915,0.27392461818691327,0.3852459016393443,1.221875,23.720626890400858,241.67685526079313,-0.9978140432198848,0.19600973569589877,0.009670047652018288,0.09852297401581457,-0.02267243906430095,0.004453754503428739,0.5367477604361838,5.46863754528278,OK,11.683556877855878,253.7139252733381,-0.9655826835683603,0.16377837604437429,0.0047629665217512746,0.10343005514608158,-0.02194007460959692,0.003721390048724706,0.2643742518734056,5.7410110538455585,OK,0.026341600112091915,0.27392461818691327,0.3852459016393443,1.221875,18.23058249674043,247.16689965445357,-0.9406660592259529,0.13886175170196693,0.0074319537287975655,0.10076106793903529,-0.02137391636505233,0.0031552318041801167,0.41251963414728937,5.5928656715716745,OK,15.858153988150407,249.5393281630436,-1.0241015697698241,0.2222972622458381,0.0064647998321037126,0.10172822183572915,-0.02326974709770107,0.005051062536828859,0.35883658037875843,5.646548725340206,OK,0.026341600112091915,0.27392461818691327,0.3852459016393443,1.221875,23.33052628771498,242.06695586347905,-0.9934351884093331,0.19163088088534708,0.00951101764684671,0.09868200402098615,-0.022572942249700818,0.004354257688828609,0.5279206065079213,5.477464699211042,OK,37.21802320748426,228.17945894370973,-1.3235210641785087,0.5217167566545227,0.015172451368725748,0.09302057029910711,-0.030073189370109263,0.011854504809237052,0.8421653734861094,5.163219932232854,OK,42.36794323810217,223.0295389130918,-1.2936497178666606,0.49184541034267465,0.017271888804770555,0.0909211328630623,-0.02939444939483437,0.01117576483396216,0.958697202751474,5.04668810296749,OK,0.026341600112091915,0.27392461818691327,0.3852459016393443,1.221875
2018-07-05 11:00:00.050,0.24608785095425997,-3.3684243629123984,0.45992814825809675,0.6745564702308089,-0.3363419144519601,0.9865188251996935,0.6850510759813002,4.8706331473074975,0.3558867823910932,1.0084938106129717,0.8904888603871641,-0.9830565464943906,0.9409940407018377,-0.9282744991228813,193.83482450193688,277.63723570440254,0.1131827295982073,-0.8289283125710845,6.282345115353424,-0.018834999149536118,6.834861064300666,5.617256061884072,9.007498459522266,1.9176326609232734,9.081342411355104,6.8237539997662715,12.180302499208775,0.007388888888888889,0.2951666666666667,0.11981981981981982,1.788888888888889,0.0,277.6295235589663,0.0,0.11317958563349624,-0.8289052867846244,0.0,0.0,6.282170605766887,-0.0188344759551153,0.0,"Q1tfrac<=per_points_each, ET = T",0.05,2.777777777777778e-05,0.0,277.63723570440254,-0.8289283125710845,0.0,0.0,0.1131827295982073,0.0,6.282345115353424,-0.018834999149536118,0.0,"Q1tfrac<=per_points_each, ET = T",0.11981981981981982,0.1314935064935065,1.788888888888889,2.009159159159159,0.007388888888888889,0.01125,0.2951666666666667,0.37169444444444444,29.270655352311078,248.36658035209143,-0.9385668291560441,0.10963851658495954,0.011932594925524289,0.10125013467268301,-0.021326217431402957,0.0024912182818668384,0.6623331996849626,5.620011915668462,-0.009269783513772122,OK,-0.008150133003958528,-0.00917572601576492,-0.00925379405452031,-0.00958996983528978,NaN,ok,NaN,NaN,NaN,NaN,NaN,NaN,NaN,NaN,NaN,NaN,13a not satisfied,0.007388888888888889,0.2951666666666667,0.11981981981981982,1.788888888888889,13.886348321085782,263.75088738331675,-0.8763166783881446,0.04738836581706013,0.005660965479447934,0.10752176411875937,-0.019911762744561343,0.0010767635950252245,0.31421877661234093,5.968126338741084,OK,NaN,NaN,NaN,NaN,NaN,NaN,NaN,NaN,NaN,NaN,13a not satisfied,0.007388888888888889,0.2951666666666667,0.11981981981981982,1.788888888888889,27.64282898559571,249.9944067188068,-0.9351325648289736,0.10620425225788907,0.011268988579533514,0.10191374101867379,-0.021248183704362045,0.0024131845548259275,0.6254989220433789,5.656846193310046,OK,NaN,NaN,NaN,NaN,NaN,NaN,NaN,NaN,NaN,NaN,13a not satisfied,0.007388888888888889,0.2951666666666667,0.11981981981981982,1.788888888888889,28.56508272402992,249.07215298037258,-0.9396096242952894,0.11068131172420496,0.01164495830576026,0.10153777129244704,-0.021349911935816618,0.0025149127862805036,0.6463675791385579,5.635977536214867,OK,NaN,NaN,NaN,NaN,NaN,NaN,NaN,NaN,NaN,NaN,13a not satisfied,0.007388888888888889,0.2951666666666667,0.11981981981981982,1.788888888888889,32.36493552821569,245.2723001761868,-0.9588886914479299,0.12996037887684544,0.013194021821531059,0.09998870777667623,-0.02178797299359077,0.002952973844054657,0.7323502343212177,5.549994881032206,OK,NaN,NaN,NaN,NaN,NaN,NaN,NaN,NaN,NaN,NaN,13a not satisfied,NaN,NaN,NaN,NaN,NaN,NaN,NaN,NaN,NaN,NaN,OK,0.007388888888888889,0.2951666666666667,0.11981981981981982,1.788888888888889
2018-07-05 11:30:00.050,0.24682997813247795,-2.7567278703541604,0.4229579418307571,0.6862321214799814,-0.33899742988410764,0.925554393434724,0.6942643524081641,4.430950425458059,0.33767337673492126,0.7685793944947797,0.8256398603472364,-0.9851848080394174,0.8521446755639341,-0.8403189680898397,197.11852363152647,256.0900099545561,0.10439869953304365,-0.6804430799567099,5.7947768390899,-0.015461101566841853,1.468151922563507,2.182848948425331,3.1093466800622283,1.2190996428787277,8.93639457589305,12.145248298274836,6.294084140055342,0.011388888888888888,0.28833333333333333,0.1626984126984127,1.5920245398773005,0.0,256.0828963431684,0.0,0.1043957995691677,-0.6804241787600446,0.0,0.0,5.79461587306659,-0.015460672091798333,0.0,"Q1tfrac<=per_points_each, ET = T",NaN,0.0,0.0,256.0900099545561,-0.6804430799567099,0.0,0.0,0.10439869953304365,0.0,5.7947768390899,-0.015461101566841853,0.0,"Q1tfrac<=per_points_each, ET = T",0.1626984126984127,0.1448148148148148,1.5920245398773005,2.0361736334405145,0.011388888888888888,0.01086111111111111,0.28833333333333333,0.3518055555555556,33.95207484914018,222.13793510541592,-0.7769252035224096,0.09648212356569968,0.013841041520236519,0.09055765801280714,-0.01765337885758713,0.002192277290745278,0.7682638499243183,5.026512989165583,-0.008579342935442663,OK,-0.007319526655625582,-0.008227314629036739,-0.009254481534949307,-0.009093325282371481,NaN,ok,NaN,NaN,NaN,NaN,NaN,NaN,NaN,NaN,NaN,NaN,13a not satisfied,0.011388888888888888,0.28833333333333333,0.1626984126984127,1.5920245398773005,16.568214769811387,239.52179518474466,-0.7147110332075132,0.03426795325080318,0.006754266110807741,0.0976444334222359,-0.016239741722506546,0.0007786401556646938,0.3749037583707671,5.419873080719133,OK,NaN,NaN,NaN,NaN,NaN,NaN,NaN,NaN,NaN,NaN,13a not satisfied,0.011388888888888888,0.28833333333333333,0.1626984126984127,1.5920245398773005,31.42884847828164,224.66116147627443,-0.7535091970607981,0.07306611710408817,0.012812412751032058,0.09158628678201158,-0.01712131781551461,0.00166021624867276,0.711168558560838,5.083608280529062,OK,NaN,NaN,NaN,NaN,NaN,NaN,NaN,NaN,NaN,NaN,13a not satisfied,0.011388888888888888,0.28833333333333333,0.1626984126984127,1.5920245398773005,44.728027336000864,211.36198261855523,-0.7974095252073768,0.11696644525066695,0.018234010328577605,0.08616468920446604,-0.018118825839749532,0.002657724272907679,1.0121009285400535,4.782675910549846,OK,NaN,NaN,NaN,NaN,NaN,NaN,NaN,NaN,NaN,NaN,13a not satisfied,0.011388888888888888,0.28833333333333333,0.1626984126984127,1.5920245398773005,42.84018227749792,213.24982767705816,-0.7905218301985955,0.11007875024188551,0.01746440370056988,0.08693429583247377,-0.01796232288567588,0.0025012213188340265,0.969382976274971,4.825393862814929,OK,NaN,NaN,NaN,NaN,NaN,NaN,NaN,NaN,NaN,NaN,13a not satisfied,NaN,NaN,NaN,NaN,NaN,NaN,NaN,NaN,NaN,NaN,OK,0.011388888888888888,0.28833333333333333,0.1626984126984127,1.5920245398773005
2018-07-05 12:00:00.050,0.29788457986154615,-3.08487140091229,0.5003725473412128,0.6228253315416462,-0.21064257327162855,0.8949046018157654,0.8168453207032809,4.867265461725269,0.3828927581127187,0.8400655308423246,0.8732556496565793,-0.9802493136444432,0.9150579404371572,-0.9207284723785728,215.2950579902887,365.6276615936396,0.1490532660389888,-0.9189356211876568,8.27338288404689,-0.0208801549917668,2.6550295115827662,3.340744808894749,1.9311456309411212,0.6414556405259383,4.334159171455004,6.395104215311227,2.7134866741880286,0.012,0.3174444444444444,0.12934131736526946,1.4073891625615764,0.0,365.61750526970627,0.0,0.14904912567048767,-0.918910095198179,0.0,0.0,8.273153067855665,-0.020879574987461465,0.0,"Q1tfrac<=per_points_each, ET = T",0.05,2.777777777777778e-05,0.0,365.6276615936396,-0.9189356211876568,0.0,0.0,0.1490532660389888,0.0,8.27338288404689,-0.0208801549917668,0.0,"Q1tfrac<=per_points_each, ET = T",0.12934131736526946,0.10961538461538463,1.4073891625615764,1.6893939393939394,0.012,0.011083333333333334,0.3174444444444444,0.3406944444444445,40.31150133454304,325.3161602590965,-1.0446771144732576,0.12574149328560072,0.016433551298223825,0.13261971474076498,-0.023737266859196946,0.002857111867430146,0.9121642594484803,7.361218624598411,-0.0078772384371005,OK,-0.006837182598148926,-0.007983592460164328,-0.009114056109972667,-0.008961819935643692,NaN,ok,NaN,NaN,NaN,NaN,NaN,NaN,NaN,NaN,NaN,NaN,13a not satisfied,0.012,0.3174444444444444,0.12934131736526946,1.4073891625615764,17.87666541480563,347.75099617883393,-0.9692772358593057,0.05034161467164884,0.007287674445497607,0.1417655915934912,-0.022024022628023308,0.0011438676362565063,0.4045112369836593,7.868871647063232,OK,NaN,NaN,NaN,NaN,NaN,NaN,NaN,NaN,NaN,NaN,13a not satisfied,0.012,0.3174444444444444,0.12934131736526946,1.4073891625615764,41.42611643617182,324.2015451574677,-1.0551541017092474,0.13621848052159066,0.016887939843527034,0.13216532619546176,-0.023975326101096282,0.0030951711093294854,0.9373856485083832,7.335997235538508,OK,NaN,NaN,NaN,NaN,NaN,NaN,NaN,NaN,NaN,NaN,13a not satisfied,0.012,0.3174444444444444,0.12934131736526946,1.4073891625615764,58.84671033344577,306.78095126019383,-1.1398364464966146,0.2209008253089579,0.023989690311229418,0.1250635757277594,-0.025899487536846504,0.0050193325450797075,1.3315769488915086,6.941805935155383,OK,NaN,NaN,NaN,NaN,NaN,NaN,NaN,NaN,NaN,NaN,13a not satisfied,0.012,0.3174444444444444,0.12934131736526946,1.4073891625615764,56.75680621415567,308.8708553794839,-1.1284325272234725,0.2094969060358157,0.02313771146113154,0.12591555457785725,-0.025640366444523346,0.004760211452756549,1.2842868262173368,6.989096057829554,OK,NaN,NaN,NaN,NaN,NaN,NaN,NaN,NaN,NaN,NaN,13a not satisfied,NaN,NaN,NaN,NaN,NaN,NaN,NaN,NaN,NaN,NaN,OK,0.012,0.3174444444444444,0.12934131736526946,1.4073891625615764
2018-07-05 12:30:00.050,0.2568586457627162,-3.2548761275536764,0.5234300377456862,0.6522045162407363,-0.2962917918187591,0.864942660052554,0.776459698538103,4.723225983327658,0.3442342851732525,0.670000701019034,0.7369892596303839,-0.9916124813788761,0.9280024456271289,-0.92681865075311,194.15594649655503,329.79979267680744,0.1344475306468844,-0.8360430742488313,7.462673770364364,-0.018996661537124093,4.455675090557956,4.0667621532087015,4.78268290614157,1.3990819243368358,8.271127066379378,8.84047304436953,6.255767197166823,0.006944444444444444,0.31858333333333333,0.08620689655172414,1.6063025210084036,0.0,329.7906315714552,0.0,0.1344437959932553,-0.8360198508301023,0.0,0.0,7.462466473870742,-0.0189961338520814,0.0,"Q1tfrac<=per_points_each, ET = T",NaN,0.0,0.0,329.79979267680744,-0.8360430742488313,0.0,0.0,0.1344475306468844,0.0,7.462673770364364,-0.018996661537124093,0.0,"Q1tfrac<=per_points_each, ET = T",0.08620689655172414,0.0688,1.6063025210084036,1.8897360703812318,0.006944444444444444,0.0047777777777777775,0.31858333333333333,0.358,27.429004669179292,302.3707880076281,-0.9171905603208601,0.08114748607202885,0.011181820085274886,0.1232657105616095,-0.020840503529217454,0.0018438419920933616,0.6206605287119719,6.842013241652392,-0.007440759933496985,OK,-0.006535220991238599,-0.00776978273716779,-0.009055888360146211,-0.008844816214603785,NaN,ok,NaN,NaN,NaN,NaN,NaN,NaN,NaN,NaN,NaN,NaN,13a not satisfied,0.006944444444444444,0.31858333333333333,0.08620689655172414,1.6063025210084036,7.923659201072108,321.87613347573534,-0.857534310668301,0.021491236419469695,0.0032301912764256453,0.13121733937045874,-0.019484987745246558,0.0004883262081224653,0.17929569695968278,7.2833780734046805,OK,NaN,NaN,NaN,NaN,NaN,NaN,NaN,NaN,NaN,NaN,13a not satisfied,0.006944444444444444,0.31858333333333333,0.08620689655172414,1.6063025210084036,32.63157073005835,297.16822194674904,-0.941268862990908,0.10522578874207669,0.013302719417064146,0.12114481122982024,-0.021387613337671165,0.002390951800547073,0.7383836266132408,6.724290143751123,OK,NaN,NaN,NaN,NaN,NaN,NaN,NaN,NaN,NaN,NaN,13a not satisfied,0.006944444444444444,0.31858333333333333,0.08620689655172414,1.6063025210084036,51.2065816123384,278.593211064469,-1.0284993955542119,0.19245632130538062,0.02087508422842984,0.11357244641845454,-0.023369674972829175,0.004373013435705082,1.1586969487361145,6.3039768216282495,OK,NaN,NaN,NaN,NaN,NaN,NaN,NaN,NaN,NaN,NaN,13a not satisfied,0.006944444444444444,0.31858333333333333,0.08620689655172414,1.6063025210084036,48.52862567809775,281.27116699870965,-1.0141833585693911,0.17814028432055984,0.019783377773378616,0.11466415287350577,-0.023044384425571256,0.0040477228884471675,1.0981004536733245,6.36457331669104,OK,NaN,NaN,NaN,NaN,NaN,NaN,NaN,NaN,NaN,NaN,13a not satisfied,NaN,NaN,NaN,NaN,NaN,NaN,NaN,NaN,NaN,NaN,OK,0.006944444444444444,0.31858333333333333,0.08620689655172414,1.6063025210084036
2018-07-05 13:00:00.050,0.30863168140059916,-2.42075776394982,0.4301814578344207,0.5777733860204828,-0.1811841475395896,0.9173878884163277,0.8533880378093643,4.766218171711673,0.3653093743568859,0.744904189487142,0.919265113732698,-0.9896526506729717,0.8762971451706391,-0.857709266476859,205.91531212566494,325.67898814497204,0.1327676266387982,-0.7471225389513876,7.3694286544626,-0.016976199476286924,2.0408777845094535,2.079658839804306,0.8062110057573352,1.083205690753635,4.1040704726077255,4.857870032106221,1.824840329184979,0.010305555555555557,0.3145833333333333,0.11967741935483872,1.486220472440945,0.0,325.6699415064124,0.0,0.13276393864916933,-0.7471017855475282,0.0,0.0,7.3692239481110855,-0.016975727915190367,0.0,"Q1tfrac<=per_points_each, ET = T",NaN,0.0,0.0,325.67898814497204,-0.7471225389513876,0.0,0.0,0.1327676266387982,0.0,7.3694286544626,-0.016976199476286924,0.0,"Q1tfrac<=per_points_each, ET = T",0.11967741935483872,0.08766666666666667,1.486220472440945,1.813949843260188,0.010305555555555557,0.007305555555555555,0.3145833333333333,0.32147222222222216,32.16590034599573,293.51308779897624,-0.828326037661195,0.08120349870980732,0.013112882326129529,0.11965474431266868,-0.018821314193619515,0.0018451147173325906,0.7278464879068344,6.641582166555765,-0.0069226343043841555,OK,-0.005883476219790876,-0.007011519831045543,-0.00904246940549241,-0.008413747915625604,-0.0038088346790165185,ok,12.312875689870902,313.3661124551011,-0.7516029640105603,0.004480425059172279,0.005019517199295109,0.1277481094395031,-0.017078004181107935,0.00010180470482100156,0.27861440937472853,7.090814245087872,OK,0.010305555555555557,0.3145833333333333,0.11967741935483872,1.486220472440945,7.89600267153842,317.78298547343354,-0.7621967542140627,0.01507421526267519,0.003218916702624713,0.12954870993617348,-0.017318717432721262,0.00034251795643433746,0.17866988802313014,7.190758766439469,OK,57.03519936321194,268.64378878176007,-0.7678765807299315,0.020754041778543515,0.02325120234945452,0.10951642428934369,-0.017447775067710326,0.0004715755914233928,1.2905862760576443,6.078842378404956,OK,0.010305555555555557,0.3145833333333333,0.11967741935483872,1.486220472440945,35.80039491736956,289.8785932276025,-0.8285729739139498,0.08145043496256227,0.01459453522925787,0.11817309140954034,-0.018826925105974772,0.0018507256296878497,0.8100874350165336,6.5593412194460665,OK,111.95197169723058,213.72701644774142,-0.7878597665535578,0.040737227602169856,0.045638798082849805,0.0871288285559484,-0.01790183518640213,0.0009256357101151978,2.533237016143972,4.836191638318628,OK,0.010305555555555557,0.3145833333333333,0.11967741935483872,1.486220472440945,68.4887278700837,257.1902602748883,-0.948077888269999,0.20095534931861134,0.027920394565871868,0.10484723207292634,-0.021542328749602338,0.004566129273315413,1.5497554710186427,5.819673183443958,OK,97.5129288097939,228.1660593351781,-0.7826056690370421,0.035483130085654055,0.03975251887883975,0.09301510775995846,-0.01778245101197551,0.000806251535688572,2.2065119271114426,5.162916727351157,OK,0.010305555555555557,0.3145833333333333,0.11967741935483872,1.486220472440945,60.055873354523726,265.6231147904483,-0.911082726624588,0.16396018767320045,0.02448262264758407,0.10828500399121414,-0.020701720668588684,0.00372552119230176,1.3589377579698083,6.010490896492792,OK,NaN,NaN,NaN,NaN,NaN,NaN,NaN,NaN,NaN,NaN,rET < 0,NaN,NaN,NaN,NaN,NaN,NaN,NaN,NaN,NaN,NaN,Invalid WUE ratio for Eq. 19,NaN,NaN,NaN,NaN
2018-07-05 13:30:00.050,0.2597348170555151,-2.676673766305356,0.521414909611679,0.6227663356454486,-0.2754195465712585,0.9222509608721429,0.9084051113293636,4.681226716374447,0.3308422545012226,0.6840587748284238,0.7071783146585059,-0.9889097424249925,0.8541576910613676,-0.8244536327217977,186.51723777588876,332.2088239055921,0.1354296061580074,-0.6952253710086183,7.517185066496857,-0.015796986389652767,1.8292806841200757,3.4755953314674883,3.8160021927385745,1.456919840281451,2.9415257425637122,4.734974749395372,4.706725909930697,0.010583333333333333,0.3327222222222222,0.1360714285714286,1.8541795665634675,0.0,332.1995958827058,0.0,0.135425844224503,-0.6952060591927571,0.0,0.0,7.516976255800565,-0.01579654758447528,0.0,"Q1tfrac<=per_points_each, ET = T",NaN,0.0,0.0,332.2088239055921,-0.6952253710086183,0.0,0.0,0.1354296061580074,0.0,7.517185066496857,-0.015796986389652767,0.0,"Q1tfrac<=per_points_each, ET = T",0.1360714285714286,0.08921568627450982,1.8541795665634675,1.889969135802469,0.010583333333333333,0.007583333333333333,0.3327222222222222,0.34019444444444447,31.92578803666138,300.2830358689307,-0.7604613908578401,0.06523601984922184,0.013014997161296935,0.12241460899671044,-0.017279286318060444,0.0014822999284076765,0.7224132527362863,6.794771813760571,-0.006212178408201879,OK,-0.005618874407681609,-0.006661787178476643,-0.009049456384870442,-0.008204068467935699,-0.008181420425308188,ok,9.962002322647646,322.24682158294445,-0.738142853138669,0.04291748213005046,0.004061150559579146,0.13136845559842825,-0.01677216207995158,0.0009751756902988063,0.22541910299617818,7.291765963500679,OK,0.010583333333333333,0.3327222222222222,0.1360714285714286,1.8541795665634675,18.211749243068112,313.997074662524,-0.7192458731790249,0.024020502170406584,0.007424276087675545,0.12800533007033185,-0.01634278284887582,0.0005457964592230534,0.4120934773354543,7.105091589161404,OK,29.46769661159846,302.74112729399366,-0.8221756869974288,0.12695031598881035,0.01201292157015836,0.12341668458784903,-0.018681565257837512,0.002884578868184739,0.6667918278285058,6.850393238668352,OK,0.010583333333333333,0.3327222222222222,0.1360714285714286,1.8541795665634675,48.36453341836422,283.8442904872279,-0.7708561985534508,0.07563082754483252,0.019716483252492544,0.11571312290551485,-0.017515478267517627,0.0017184918778648608,1.094387391901229,6.422797674595628,OK,66.31511052655787,265.89371337903424,-0.9809186963859811,0.2856933253773626,0.02703428884083077,0.10839531731717662,-0.022288541158509,0.006491554768856228,1.500571094628706,6.016613971868152,OK,0.010583333333333333,0.3327222222222222,0.1360714285714286,1.8541795665634675,91.22732235270946,240.98150155288266,-0.8890141002296781,0.19378872922105989,0.03719010287513635,0.09823950328287104,-0.020200274942732972,0.004403288553080207,2.0642819091438915,5.452903157352966,OK,54.34064085845808,277.86818304713404,-0.92933126733778,0.23410589632916157,0.0221527276226898,0.1132768785353176,-0.021116365992678483,0.005319379603025712,1.2296140998384657,6.287570966658392,OK,0.010583333333333333,0.3327222222222222,0.1360714285714286,1.8541795665634675,78.90411427381189,253.30470963178024,-0.8471786306847519,0.1519532596761336,0.03216637353192495,0.10326323262608245,-0.019249684859912564,0.0034526984702597952,1.7854336995961892,5.731751366900668,OK,54.004991389000644,278.2038325165915,-0.9278852497962734,0.23265987878765493,0.0220158953889118,0.1134137107690956,-0.021083509425045978,0.005286523035393204,1.2220190602193495,6.295166006277508,OK,78.53894670526213,253.66987720033003,-0.8460578534905013,0.15083248248188308,0.03201750782929561,0.10341209832871179,-0.01922421843877531,0.003427232049122542,1.777170727647403,5.7400143388494556,OK,0.010583333333333333,0.3327222222222222,0.1360714285714286,1.8541795665634675
2018-07-05 14:00:00.050,0.23608810672211095,-2.678426057917875,0.5253827100292195,0.5528853187694226,-0.2956230181302008,0.7928686084821348,0.8753490268797405,4.3297335428509935,0.32368528072356695,0.7015975834565633,0.7457104221661895,-0.9613732694162048,0.8485098037980864,-0.8234115386012031,150.30140109836722,304.26180265050516,0.12403660931533025,-0.6323445370089982,6.884802914927301,-0.014368201249920432,1.4956905607527538,1.7222638286541179,4.2681138377432974,1.6041254030845202,3.5796331501939482,12.55664735062975,6.312499229777574,0.015166666666666667,0.30725,0.17960526315789474,1.4144501278772381,0.0,304.25335093376486,0.0,0.1240331638539604,-0.6323269718829702,0.0,0.0,6.884611670401887,-0.014367802133219044,0.0,"Q1tfrac<=per_points_each, ET = T",0.05,5.555555555555556e-05,0.0,304.26180265050516,-0.6323445370089982,0.0,0.0,0.12403660931533025,0.0,6.884802914927301,-0.014368201249920432,0.0,"Q1tfrac<=per_points_each, ET = T",0.17960526315789474,0.17219251336898397,1.4144501278772381,1.5980821917808221,0.015166666666666667,0.017888888888888888,0.30725,0.32405555555555554,44.3366727388065,259.9251299116986,-0.765214108461155,0.13286957145215683,0.01807446911488239,0.10596214020044786,-0.017387278083643605,0.003019076833723173,1.0032453993607011,5.8815575155666,-0.007221580340049802,OK,-0.005384048051932911,-0.00640120232240061,-0.009035878216481136,-0.008045448791692354,-0.0031746914970857023,ok,14.417277037831695,289.8445256126734,-0.6361748281648301,0.0038302911558318886,0.005877406048851078,0.11815920326647918,-0.014455233541577598,8.703229165716629e-05,0.3262325737594959,6.558570341167805,OK,0.015166666666666667,0.30725,0.17960526315789474,1.4144501278772381,8.80215695304352,295.4596456974616,-0.64849935990306,0.016154822894061772,0.0035883232584767713,0.12044828605685348,-0.014735272890321746,0.00036707164040131266,0.19917424836127726,6.685628666566023,OK,56.218040141591004,248.0437625089141,-0.6472801910432319,0.014935654034233664,0.022918075883241337,0.10111853343208892,-0.014707570803072754,0.0003393695531523214,1.2720956862367527,5.612707228690548,OK,0.015166666666666667,0.30725,0.17960526315789474,1.4144501278772381,33.73383610503957,270.5279665454655,-0.7059536272829794,0.07360909027398124,0.013752073422356124,0.11028453589297413,-0.01604075499393273,0.0016725537440122984,0.7633255674043141,6.121477347522986,OK,123.67711732750239,180.58468532300273,-0.6652022928415092,0.032857755832511014,0.05041871884529245,0.0736178904700378,-0.015114798746682782,0.0007465974967623498,2.7985523337751137,4.086250581152187,OK,0.015166666666666667,0.30725,0.17960526315789474,1.4144501278772381,72.21342811456054,232.04837453594456,-0.8547740940233173,0.22242955701431916,0.029438821082168998,0.09459778823316126,-0.019422269802847475,0.005054068552927043,1.6340375822695934,5.250765332657707,OK,103.11216661077093,201.14963603973422,-0.6597387265492202,0.02739418954022198,0.04203512703251974,0.08200148228281051,-0.01499065499998228,0.0006224537500618491,2.333210869922277,4.551592045005024,OK,0.015166666666666667,0.30725,0.17960526315789474,1.4144501278772381,60.70441528129832,243.55738736920682,-0.7988293876548437,0.16648485064584548,0.024747009898613254,0.099289599416717,-0.018151088108494518,0.003782886858574085,1.3736128940171655,5.511190020910135,OK,NaN,NaN,NaN,NaN,NaN,NaN,NaN,NaN,NaN,NaN,rET < 0,NaN,NaN,NaN,NaN,NaN,NaN,NaN,NaN,NaN,NaN,Invalid WUE ratio for Eq. 19,NaN,NaN,NaN,NaN
